"ID","Description","GeneRatio","BgRatio","pvalue","p.adjust","qvalue","geneID","Count"
"hsa04060","Cytokine-cytokine receptor interaction","115/785","297/8622",1.2844290803383e-45,4.08448447547581e-43,2.37957387515307e-43,"920/5617/355/3553/3558/3569/3576/3586/7124/4049/2056/1437/3557/3952/7132/268/3593/1435/282618/3458/3440/3439/3565/3627/6347/3605/7040/9235/50616/282616/282617/3452/23495/10148/1440/2688/3977/3588/3606/7852/3552/6356/6362/6351/4283/6348/6363/3456/3574/3601/3600/1236/3596/3567/5196/959/8600/943/6352/939/970/8784/4803/10663/58191/3579/1234/1524/6376/6366/3603/9518/59067/10344/6387/6346/3559/90865/51561/6373/4982/3570/246778/643/2833/1233/1235/53342/1232/8743/3454/3560/6368/2919/90/10850/3451/85480/659/1436/3604/10803/3455/1896/6361/5008/9560/1443/3575/6364/56477/3460/8718/27178/84639",115
"hsa04061","Viral protein interaction with cytokine and cytokine receptor","50/785","100/8622",2.66594692070169e-26,4.23885560391569e-24,2.46950872654473e-24,"3558/3569/3576/3586/7124/4049/7132/1435/3627/6347/3588/3606/7852/6356/6362/6351/4283/6348/6363/1236/5196/6352/3579/1234/1524/6376/6366/10344/6387/6346/3559/6373/3570/643/2833/1233/1235/1232/8743/3560/6368/2919/10850/1436/10803/6361/9560/6364/56477/27178",50
"hsa05171","Coronavirus disease - COVID-19","73/785","232/8622",1.54774030786852e-22,1.64060472634063e-20,9.55797523455649e-21,"7099/3553/3558/3569/3576/7124/1437/114548/7132/59272/7113/3593/4790/3440/3439/2244/3627/6347/1956/7097/3452/64135/629/718/712/7450/1440/6868/6772/715/8517/5295/2353/4153/834/8829/3456/4599/4600/4312/4314/2147/1636/1432/6235/6403/5648/1675/721/728/6774/23586/7098/51284/51311/3716/3661/3570/7297/185/115004/340061/6850/4938/3454/6194/3451/3455/1536/51135/2212/9636/727",73
"hsa05323","Rheumatoid arthritis","44/785","93/8622",4.96018613583038e-22,3.94334797798515e-20,2.29734936817407e-20,"7099/3553/3569/3576/7124/7422/1437/940/1435/3458/1493/1514/6347/3605/7040/7097/3383/2353/3606/3552/284/941/6348/5741/3600/4312/4314/3122/8600/6352/7010/2321/3123/942/3689/6387/51561/3117/3683/2919/3112/23545/6364/3119",44
"hsa04610","Complement and coagulation cascades","41/785","86/8622",9.13816891891134e-21,5.45321410040589e-19,3.17698007835629e-19,"3684/2/2244/7448/629/718/712/7450/715/4153/5345/2147/1380/5265/5648/710/722/5627/1675/5054/721/728/3075/2155/2157/5328/5329/3689/2159/7056/5624/2152/3078/462/4179/3687/5327/2153/3827/3426/727",41
"hsa04620","Toll-like receptor signaling pathway","46/785","108/8622",1.25977463086923e-20,5.45321410040589e-19,3.17698007835629e-19,"7099/3553/3569/3576/7124/3593/4790/3440/3439/3627/7097/3452/6772/8517/5295/2353/941/6351/4283/6348/3456/3929/1432/6352/841/7098/51284/51311/7096/7100/10333/3716/942/207/3661/6373/7297/929/54106/5609/6696/3454/3451/3455/51135/9560",46
"hsa05164","Influenza A","59/785","171/8622",1.29579572499591e-20,5.45321410040589e-19,3.17698007835629e-19,"355/7099/3553/3569/3576/7124/114548/29108/7132/7113/3593/4790/3458/3440/3439/2033/3627/6347/3452/64135/3383/6772/8517/5295/3606/3552/834/3456/4599/4600/3122/7416/6352/841/9021/836/23586/7098/51284/3123/3716/207/3661/1965/90865/3117/7297/56649/8743/4938/3454/3451/578/3455/51135/3112/10482/3119/3460",59
"hsa04630","JAK-STAT signaling pathway","58/785","166/8622",1.3718777611084e-20,5.45321410040589e-19,3.17698007835629e-19,"5617/3558/3569/3586/2056/1437/2670/3952/3593/282618/3458/3440/3439/2033/3565/50616/1956/282616/282617/3452/1440/2688/3977/6772/5295/3588/2475/3456/3574/3601/3600/3596/3567/9021/6774/3716/207/59067/3559/51561/3570/7297/246778/5156/1026/3454/3560/3265/3451/85480/3455/8651/5008/5159/1443/3575/3460/8027",58
"hsa05321","Inflammatory bowel disease","35/785","65/8622",3.90547293888044e-20,1.37993377173775e-18,8.03933610810476e-19,"7099/3553/3558/3569/3586/7124/3593/4790/3458/3565/3605/7040/50616/7097/6772/3606/3552/3596/3567/64127/3122/50943/6774/7100/3123/59067/51561/30009/3117/4094/4088/6097/3112/3119/3460",35
"hsa05152","Tuberculosis","60/785","180/8622",4.37312254114282e-20,1.39065296808342e-18,8.10178491832776e-19,"3684/7099/3553/3569/3586/7124/7132/3593/4790/3458/3440/3439/2209/2033/7040/7097/3452/718/6772/5289/3588/3606/3552/2214/3456/3929/64127/972/3122/1432/387/841/836/7096/10333/3123/3716/6714/207/3689/51561/3916/3117/820/929/64581/6850/54106/7421/8877/4843/3451/2213/3687/51135/3112/2212/23545/3119/3460",60
"hsa05133","Pertussis","37/785","76/8622",2.99359634284309e-19,8.65421488203729e-18,5.04184647215678e-18,"3684/7099/3553/3569/3576/3586/7124/114548/29108/3593/4790/718/712/1072/715/2353/3552/834/1432/710/722/387/836/721/10392/3688/3689/3661/51561/929/2770/4843/653509/3659/51135/840/727",37
"hsa05417","Lipid and atherosclerosis","65/785","215/8622",3.90258223082554e-19,1.03418429116877e-17,6.02503923355521e-18,"355/7099/3553/3569/3576/7124/114548/29108/7132/3593/4790/3440/3439/3845/4780/6347/7097/7412/3452/6401/3383/4318/8517/5295/2353/5468/3606/6348/834/6648/3456/3929/335/4312/4314/959/1432/7186/6403/387/6352/841/836/6774/10333/5747/6714/207/3661/1965/177/653361/7157/3309/929/8743/338/5609/1649/2919/3265/3451/1536/51135/840",65
"hsa04940","Type I diabetes mellitus","26/785","43/8622",5.54524164892946e-17,1.23617427994415e-15,7.20180977392157e-16,"3630/355/3553/3558/7124/4049/940/3593/3458/5551/5798/3552/941/2572/3002/2571/3122/3107/3105/3123/942/3117/3106/5799/3112/3119",26
"hsa04668","TNF signaling pathway","43/785","114/8622",5.62905236584837e-17,1.23617427994415e-15,7.20180977392157e-16,"355/3553/3569/7124/4049/1437/7132/1435/4790/3627/6347/7412/6401/3383/4318/8517/5295/2353/3726/10059/3456/3600/4314/64127/1432/7186/1906/6352/841/9021/836/6376/207/2277/5743/5609/3659/2919/11035/83737/331/840/6364",43
"hsa05144","Malaria","28/785","50/8622",5.83101075445354e-17,1.23617427994415e-15,7.20180977392157e-16,"7099/3553/3569/3576/3586/7124/3458/6347/7040/7097/7412/6401/1440/3383/3082/3606/5175/959/6403/22914/6382/3689/3039/7058/54106/3683/975/3820",28
"hsa04640","Hematopoietic cell lineage","39/785","99/8622",2.89092897694482e-16,5.74572134167783e-15,3.34739144698874e-15,"920/3684/3553/3569/7124/2056/1437/930/925/1435/4254/3815/2209/3565/1440/3552/952/3574/3567/1380/3122/947/3123/3673/933/4311/3559/960/3570/3117/928/929/926/2811/1436/911/3112/3575/3119",39
"hsa05167","Kaposi sarcoma-associated herpesvirus infection","56/785","194/8622",1.23494227168299e-15,2.31006848467759e-14,1.34581944158641e-14,"355/3569/3576/7422/1437/7132/4790/3440/3439/3845/1499/2033/3091/3452/718/285/3383/6772/8517/5289/5295/2475/2353/3456/1432/7186/841/836/3107/2247/1234/6774/7098/3105/3716/942/6714/207/3661/7297/7157/1233/5743/3106/1026/6850/1232/5609/3454/131450/2919/3265/3451/578/3455/5925",56
"hsa05163","Human cytomegalovirus infection","61/785","225/8622",1.63058858375043e-15,2.88070649795909e-14,1.67826661251506e-14,"355/3553/3569/3576/7124/7422/7132/4790/3440/3439/3845/1499/6347/1956/3452/8517/5295/3588/2475/7852/6351/6348/3456/1029/1432/7186/387/6352/841/836/3579/3107/1234/6376/6774/3105/3716/5747/6714/5829/207/6387/3661/3570/7157/4193/5743/9564/3106/5156/1026/115004/340061/1232/2770/567/3265/3451/578/9560/5925",61
"hsa05140","Leishmaniasis","33/785","77/8622",3.06657164763858e-15,5.13247254710036e-14,2.99011972290521e-14,"3684/7099/3553/3586/7124/3593/4790/3458/2209/3565/7040/7097/718/6772/2353/3552/2214/3122/1432/3123/3716/3688/3689/653361/3117/5743/4843/1536/51135/3112/2212/3119/3460",33
"hsa04062","Chemokine signaling pathway","55/785","192/8622",3.23311383037029e-15,5.14065099028876e-14,2.99488439023774e-14,"3576/4790/409/3845/3627/6347/6772/8517/5295/7852/6356/6362/6351/4283/6348/6363/1236/5196/387/6352/10663/58191/3579/1234/1524/6376/6774/6366/5747/6714/5829/207/10344/6387/6346/6373/653361/643/2833/1233/1235/9564/1232/2770/673/6464/6368/2919/3265/10850/10803/6361/9560/6364/56477",55
"hsa04151","PI3K-Akt signaling pathway","81/785","359/8622",3.57410814995335e-15,5.41222091278651e-14,3.15309791675083e-14,"3630/5617/7099/3558/3569/7422/2056/930/1435/4254/4790/3440/3439/3815/3845/5979/7448/627/3565/1956/7097/3452/7450/285/1440/1278/2688/3479/8517/5295/3082/2475/284/5649/3791/26291/3456/3574/2069/1293/4803/7010/2321/2247/3716/2335/3688/5747/207/3673/3559/2249/3570/2324/2277/7058/7157/4193/51378/374/5156/7039/1026/9048/6850/10971/6696/3454/3560/6194/3265/3451/1436/3455/2064/3695/5008/5159/1443/1129/3575",81
"hsa05320","Autoimmune thyroid disease","27/785","53/8622",5.08496503097886e-15,7.3500858175058e-14,4.28207581556114e-14,"7038/7173/355/3558/3586/940/3440/3439/1493/3565/3452/5551/941/3002/3567/7253/959/3122/3107/3105/3123/942/3117/3106/3451/3112/3119",27
"hsa05162","Measles","45/785","138/8622",6.09282826813227e-15,8.42399734463505e-14,4.9077243715848e-14,"355/7099/3553/3558/3569/940/3593/4790/3440/3439/7097/3452/64135/6772/8517/5295/2353/3552/3456/4599/4600/841/836/6774/23586/51284/3716/207/3559/3661/10399/1965/7297/7157/54106/4938/4478/3454/3560/4179/3451/578/2213/3455/51135",45
"hsa05418","Fluid shear stress and atherosclerosis","45/785","139/8622",8.24488982729781e-15,1.09244790211696e-13,6.3644763579141e-14,"3553/7124/7422/7132/4790/3458/1499/1514/4780/6347/7412/1003/8878/6401/3383/4313/4318/8517/5295/2353/9817/7295/3552/3791/445/5175/1432/1906/387/6382/5747/6714/207/7341/653361/7056/7157/857/2950/9446/2944/5609/90/659/5327",45
"hsa04659","Th17 cell differentiation","39/785","108/8622",8.97070037045938e-15,1.14107308712243e-13,6.64776111663516e-14,"920/3553/3558/3569/4790/3458/3565/3605/7040/50616/3091/10148/196/6772/8517/2475/2353/4089/3122/1432/50943/861/6774/3123/3716/59067/3559/51561/30009/3570/3117/7297/246778/3560/4088/6097/3112/3119/3460",39
"hsa04933","AGE-RAGE signaling pathway in diabetic complications","37/785","100/8622",1.80774674634218e-14,2.21101332821852e-13,1.28811104192803e-13,"3553/3569/3576/7124/7422/183/4790/3845/6347/7040/7412/6401/1278/1281/3383/4313/6772/5295/1958/2308/4089/3552/1432/1906/5054/836/6774/2335/207/177/7056/2277/185/2152/4088/3265/1536",37
"hsa05169","Epstein-Barr virus infection","55/785","202/8622",3.49671709408569e-14,4.11835568858982e-13,2.39930685598083e-13,"355/3569/7124/930/4790/3440/3439/3627/7097/3452/3383/6772/8517/5295/29760/3456/1380/3122/1432/7186/841/836/5971/3107/6774/23586/3105/3123/3716/695/207/3661/960/3117/7297/7157/4193/3106/1026/6850/3683/567/5609/4938/3454/3451/578/7431/3455/51135/3112/7874/9636/3119/5925",55
"hsa04672","Intestinal immune network for IgA production","25/785","49/8622",5.05985743105986e-14,5.72401238143995e-13,3.33474405539037e-13,"3558/3569/3586/940/3565/7040/23495/7852/941/3601/3600/3567/959/3122/3123/942/6387/3117/57379/23308/10803/3695/3112/3119/56477",25
"hsa05330","Allograft rejection","22/785","38/8622",5.22001129125027e-14,5.72401238143995e-13,3.33474405539037e-13,"355/3558/3586/7124/940/3593/3458/3565/5551/941/3002/3567/959/3122/3107/3105/3123/942/3117/3106/3112/3119",22
"hsa05160","Hepatitis C","47/785","158/8622",7.55556006087587e-14,8.00889366452842e-13,4.66588972180405e-13,"355/7124/7132/4790/3458/3440/3439/3845/1499/3627/1956/3452/6772/8517/5295/7122/3456/4599/4600/7186/841/23562/9021/836/6774/23586/7098/3716/207/3661/1965/7297/7157/1026/100506658/10971/975/673/4938/3454/3265/3451/578/3455/5465/3434/5925",47
"hsa04621","NOD-like receptor signaling pathway","51/785","186/8622",2.28892218638713e-13,2.34799114603583e-12,1.36791274975937e-12,"7099/3553/3569/3576/7124/114548/29108/4790/3440/3439/6347/3452/6772/8517/3606/10135/7295/10059/9927/834/3456/64127/7416/1432/7186/387/6352/841/4210/11337/10392/3716/3661/7297/820/9447/340061/837/90550/4938/3454/5027/2919/3451/11035/3455/331/1536/51135/3428/79792",51
"hsa04380","Osteoclast differentiation","42/785","135/8622",3.0710901798986e-13,3.05189586627423e-12,1.77799957783603e-12,"3553/7124/7132/1435/4790/3458/2209/7040/8878/6772/8517/5295/29760/54209/2353/3726/5468/3552/2214/3456/8600/1432/7186/9021/5971/3716/695/207/3937/4982/653361/7297/6850/2354/5609/3454/2213/1436/3455/8651/2212/3460",42
"hsa04514","Cell adhesion molecules","46/785","158/8622",3.34439374197939e-13,3.22277942408923e-12,1.87755438146212e-12,"920/3684/4684/925/5133/940/1493/29126/7412/1003/6401/3383/941/7122/5175/959/3122/6614/6403/5788/947/23562/50848/6404/3107/3105/3123/942/6382/1000/3688/3689/933/3117/3106/100506658/6402/201633/80380/3683/926/23308/3695/3112/26047/3119",46
"hsa04657","IL-17 signaling pathway","34/785","94/8622",4.56068166923516e-13,4.26557873769642e-12,2.48507731822102e-12,"3553/3569/3576/7124/1437/4790/3458/3565/3627/6347/3605/3934/1440/4318/8517/2353/6356/6279/6280/3596/3567/4312/4314/1432/7186/841/836/4322/5743/53342/2354/2919/6361/6364",34
"hsa04623","Cytosolic DNA-sensing pathway","30/785","75/8622",5.15307095957112e-13,4.68193304326747e-12,2.72764056807373e-12,"3553/3569/114548/29108/4790/3440/3439/3627/3452/8517/3606/6351/834/3456/6352/841/836/4210/23586/3661/90865/9447/115004/340061/3451/11035/81030/9560/840/79792",30
"hsa05332","Graft-versus-host disease","22/785","42/8622",8.46219043063545e-13,7.47493488039465e-12,4.35481144968374e-12,"355/3553/3558/3569/7124/940/3458/5551/3552/941/3002/3122/3107/3821/3105/3123/942/3117/3106/3811/3112/3119",22
"hsa05142","Chagas disease","35/785","102/8622",1.23544779629222e-12,1.06181729519169e-11,6.18602595014028e-12,"355/7099/3553/3558/3569/3576/3586/7124/7132/3593/4790/3458/6347/7040/7097/718/712/8517/5295/2353/6348/3456/1636/1432/6352/5054/841/10333/207/54106/2770/4843/51135/3827/3460",35
"hsa04066","HIF-1 signaling pathway","36/785","109/8622",2.15825878401006e-12,1.80612182451368e-11,1.05222588915726e-11,"3630/7099/3569/7422/2056/4790/3458/2033/1956/3091/285/3479/7076/5295/2475/284/1906/5054/7010/2321/6774/2026/207/7018/3570/51378/1026/8453/4843/6194/2064/1536/4878/6513/7428/3460",36
"hsa05143","African trypanosomiasis","20/785","37/8622",4.34057257660881e-12,3.53923610092718e-11,2.06191841695857e-11,"355/3553/3569/3586/7124/3593/3458/7412/8542/3620/6401/3383/169355/3606/335/3039/54106/2150/4878/3827",20
"hsa05150","Staphylococcus aureus infection","33/785","96/8622",5.18656343534379e-12,4.12331793109831e-11,2.40219780163291e-11,"54474/3684/3586/2209/629/718/712/3383/715/3875/2214/4153/3122/1828/6403/5648/1675/721/728/3075/6404/3123/3689/3117/820/3683/2213/3112/2212/3426/3858/3119/727",33
"hsa04064","NF-kappa B signaling pathway","34/785","104/8622",1.233380740412e-11,9.56622135246382e-11,5.57317099647015e-11,"7099/3553/3576/7124/4049/7132/4790/7412/3383/8517/142/29760/6351/6363/3929/959/8600/7186/5971/6366/23586/695/5328/6387/472/5743/929/6850/597/2919/1896/331/51135/9560",34
"hsa05205","Proteoglycans in cancer","51/785","205/8622",1.31135502925564e-11,9.81764959400967e-11,5.71965021034658e-11,"355/7099/7124/7422/3593/3845/1499/1514/7448/7040/1956/3091/7097/406991/1278/3479/4313/4318/5295/7473/80326/3082/2475/3791/1432/387/836/2247/6774/6382/5328/5329/2335/3688/5747/6714/5829/207/3673/960/7157/4193/857/1026/6548/673/4478/6194/3265/7291/2064",51
"hsa04650","Natural killer cell mediated cytotoxicity","39/785","132/8622",1.32754381302646e-11,9.81764959400967e-11,5.71965021034658e-11,"355/7124/1437/3458/3440/3439/3845/3452/5551/3383/5295/2214/3456/3002/836/3107/3821/3822/22914/9436/3105/3689/3937/3106/117157/6850/8743/3683/673/3454/6464/3265/3451/3455/259197/9437/3811/51744/3460",39
"hsa04936","Alcoholic liver disease","40/785","142/8622",3.7730135398687e-11,2.72685978563238e-10,1.58863727994472e-10,"355/7099/3553/3569/3576/7124/7132/3593/4790/3440/3439/1499/3605/9370/3452/31/718/712/8517/5564/23411/2308/3456/3929/1432/841/836/721/728/207/3661/929/5609/2919/3451/6319/5465/51135/727/501",40
"hsa05161","Hepatitis B","43/785","162/8622",5.85347314123994e-11,4.13645435314289e-10,2.40985093066252e-10,"355/7099/3569/3576/7124/4790/3440/3439/3845/2033/7040/7097/3452/64135/4318/6772/8517/5295/2353/4089/3456/1432/841/836/6774/23586/7098/3716/6714/207/3661/7297/7157/1026/10971/673/5609/3454/4088/3265/3451/51135/5925",43
"hsa05145","Toxoplasmosis","34/785","111/8622",9.34849754759021e-11,6.46265700029062e-10,3.76506995051688e-10,"7099/3586/7124/7132/3593/4790/3458/7040/7097/6772/8517/3588/959/3122/1432/841/836/1234/6774/3123/3716/3688/207/240/3117/7297/2770/4843/8651/331/51135/3112/3119/3460",34
"hsa05215","Prostate cancer","30/785","97/8622",9.27829499013897e-10,6.17480358369078e-09,3.5973698468374e-09,"3630/7113/4790/3845/1499/2033/1956/3479/4318/8517/5295/2475/2308/4314/5328/207/7157/4193/5156/7039/1026/2950/3645/673/3265/5327/2064/367/5159/5925",30
"hsa05166","Human T-cell leukemia virus 1 infection","50/785","222/8622",9.32045823953326e-10,6.17480358369078e-09,3.5973698468374e-09,"920/3558/3569/7124/4049/1437/7132/4790/3845/2033/7040/3383/706/8517/5295/2353/1958/4089/8829/3601/3600/3122/1029/7416/5971/3107/4316/3105/3123/3716/207/3689/3559/472/3117/7157/3106/1026/3683/1030/567/3560/991/4088/3265/331/3112/6513/3119/5925",50
"hsa01521","EGFR tyrosine kinase inhibitor resistance","26/785","79/8622",2.79855347565952e-09,1.81620409236679e-08,1.05809970293464e-08,"3569/7422/3845/4763/2621/558/1956/3479/5295/3082/2475/3791/2247/6774/3716/6714/207/3570/5156/7039/673/6464/6194/3265/2064/5159",26
"hsa05135","Yersinia infection","36/785","137/8622",2.94738029295825e-09,1.87453386632144e-08,1.09208196118032e-08,"920/7099/3553/3558/3569/3576/3586/7124/114548/29108/925/4790/6347/8517/5295/2353/3606/834/3456/1432/7186/387/4210/2335/3688/5747/6714/5829/207/3937/3661/9564/926/5609/51135/2212",36
"hsa04625","C-type lectin receptor signaling pathway","30/785","104/8622",5.88177930272287e-09,3.66746238875661e-08,2.13662158365165e-08,"3553/3558/3569/3586/7124/114548/29108/3593/4790/3845/6772/8517/5295/834/51266/1432/387/841/5971/6714/207/51561/4193/5743/53342/64581/6850/3659/3265/6361",30
"hsa05134","Legionellosis","21/785","56/8622",6.64935678926353e-09,4.06633742112654e-08,2.36900160913033e-08,"3684/7099/3553/3569/3576/7124/29108/3593/4790/7097/718/3606/834/841/836/7100/3689/929/2919/840/5861",21
"hsa05165","Human papillomavirus infection","63/785","331/8622",8.3603072989166e-09,5.01618437934996e-08,2.92237156824096e-08,"355/7124/7422/7132/4790/3440/3439/3845/1499/2033/7448/1956/3452/7450/1278/6772/8517/5295/7473/80326/2475/2308/5649/3456/4599/4600/1293/841/836/3107/7098/3105/3716/2335/3688/5747/5829/207/3673/4851/3661/4855/472/7058/7297/7157/4193/5743/3106/1026/23462/6696/3659/3454/3265/3451/578/3455/3695/5159/23545/9636/5925",63
"hsa04217","Necroptosis","38/785","159/8622",1.85180021565169e-08,1.09050457143933e-07,6.35315473595902e-08,"355/7099/3553/7124/114548/29108/7132/3458/3440/3439/3452/8878/6772/142/3552/10059/834/3456/7416/7186/841/6774/2495/7098/3716/90865/7297/3146/9131/8743/3454/3451/11035/3455/331/1536/81030/3460",38
"hsa05416","Viral myocarditis","21/785","60/8622",2.76995342893877e-08,1.60153670982278e-07,9.33036944484638e-08,"940/5551/3383/941/959/3122/841/836/3107/6442/3105/3123/942/3689/3117/3106/857/3683/6445/3112/3119",21
"hsa04010","MAPK signaling pathway","57/785","301/8622",5.32920874231634e-08,3.02622925010107e-07,1.76304650121744e-07,"3630/355/4137/3553/7124/7422/7132/1435/4254/4790/409/3815/3845/4763/5979/627/7040/1956/285/3479/8517/3082/2353/3552/284/3791/26291/2069/1432/7186/836/5971/4803/7010/2321/2247/207/2249/2324/2277/7157/51378/374/5156/7039/1844/3925/929/9048/673/5609/1649/3265/1436/2064/51135/5159",57
"hsa04145","Phagosome","36/785","152/8622",5.64404816189689e-08,3.14878476400564e-07,1.83444593997018e-07,"3684/7099/2209/1514/7097/718/715/5289/2214/4153/6441/4353/3122/3107/10333/3105/3123/3688/3689/3673/3916/653361/7058/3117/3106/10382/929/64581/653509/4481/2213/1536/3112/2212/23545/3119",36
"hsa04613","Neutrophil extracellular trap formation","41/785","191/8622",1.29753185913415e-07,7.11405398628721e-07,4.1445663740038e-07,"3684/7099/4790/2209/2244/7097/718/7450/5295/2475/2214/834/4353/7416/1432/6403/1991/440093/728/6404/51284/51311/6714/207/3689/177/653361/3146/820/837/64581/6850/3683/9734/2811/23569/1536/2212/79792/727/1511",41
"hsa05219","Bladder cancer","16/785","41/8622",2.23654512188333e-07,1.20545991315067e-06,7.02287139074871e-07,"3576/7422/3845/1956/4313/4318/4312/1029/6714/7157/4193/1026/673/3265/2064/5925",16
"hsa04670","Leukocyte transendothelial migration","29/785","115/8622",2.68614242920643e-07,1.42365548747941e-06,8.29405381649704e-07,"7294/3684/1499/7412/1003/3383/4313/4318/5295/7852/7122/5175/1432/387/7070/23562/50848/3688/5747/5829/3689/6387/653361/9564/100506658/2770/3683/4478/1536",29
"hsa05170","Human immunodeficiency virus 1 infection","43/785","212/8622",3.45036300636729e-07,1.79871382954885e-06,1.04791007613571e-06,"920/355/7099/7124/7132/4790/3440/3439/3845/7097/995/3452/1072/8517/5295/2475/2353/7852/3456/1432/7186/684/841/836/3107/1234/3105/983/5747/5829/207/3661/472/3106/115004/340061/2770/567/5609/3265/3451/578/51135",43
"hsa04148","Efferocytosis","35/785","156/8622",3.55761879391176e-07,1.824714155587e-06,1.06305756829961e-06,"3586/2056/2621/7301/558/10461/7040/3091/712/6868/23411/5468/834/682/5175/1432/5627/836/961/1524/6376/7376/5747/240/177/84868/23166/5743/9564/1844/8877/102/840/6513/5029",35
"hsa05130","Pathogenic Escherichia coli infection","41/785","198/8622",3.63438276001205e-07,1.83449796457751e-06,1.06875750336194e-06,"355/7099/3553/3569/3576/7124/114548/29108/7132/4790/147945/10810/8517/2353/3606/7122/834/10972/2147/1432/7186/387/841/23562/836/7100/79784/3688/6714/4646/10382/7082/100506658/837/8936/8743/578/51135/2212/840/5861",41
"hsa04658","Th1 and Th2 cell differentiation","25/785","92/8622",3.89667471250091e-07,1.93616024777389e-06,1.12798478519763e-06,"920/3558/3593/4790/3458/3565/6772/8517/2353/3596/3567/3122/1432/3123/3716/4851/3559/30009/3117/7297/4094/3560/3112/3119/3460",25
"hsa04068","FoxO signaling pathway","31/785","131/8622",4.827136231727e-07,2.36158357182952e-06,1.37583154135053e-06,"3630/3569/3586/3845/2033/7040/1956/847/3479/5295/5564/23411/2308/4089/6648/1432/6774/11337/207/472/4193/1026/8743/1030/673/4088/3265/604/7874/3575/2290",31
"hsa05212","Pancreatic cancer","22/785","76/8622",5.93266838494297e-07,2.85846749456343e-06,1.66531042384364e-06,"7422/4790/3845/7040/1956/6772/8517/5295/2475/4089/1029/6774/3716/207/7157/7039/1026/673/4088/578/2064/5925",22
"hsa04015","Rap1 signaling pathway","42/785","210/8622",7.03189790343559e-07,3.33752766163062e-06,1.94440539042367e-06,"3630/3684/7422/1435/4254/3815/3845/1499/1956/285/3479/5295/3082/284/3791/26291/1432/387/4803/7010/2321/2247/3688/6714/207/3689/3937/2249/2324/2277/51378/9564/5156/2770/3683/2889/2902/673/3265/1436/5159/5028",42
"hsa05206","MicroRNAs in cancer","55/785","310/8622",8.42705916219922e-07,3.94088943173434e-06,2.29591704728648e-06,"7422/4790/406952/406997/3845/2033/1956/406971/995/406991/4318/5295/7473/2475/23411/1029/406985/406937/407011/406982/387/407040/406947/836/407021/406913/406942/406983/574411/6774/5328/4851/960/4855/406938/406884/407035/472/7157/4193/5743/5156/3925/1026/9839/407006/1786/6464/3265/578/659/7431/8651/2064/5159",55
"hsa05131","Shigellosis","46/785","247/8622",1.72784773901635e-06,7.96312436242317e-06,4.63922505060072e-06,"7099/3553/3576/7124/1437/114548/29108/7132/4790/1956/8878/718/8517/5289/5295/2475/3606/2308/834/3456/7416/1432/7186/387/6352/440093/7100/10392/989/3688/5747/6714/5829/207/3661/960/472/7157/4193/9564/115004/340061/837/929/8936/55964",46
"hsa05340","Primary immunodeficiency","14/785","38/8622",2.90225496370916e-06,1.31240951412687e-05,7.64594751692582e-06,"920/930/925/100/23495/8517/29760/973/959/5788/695/926/57379/3575",14
"hsa05235","PD-L1 expression and PD-1 checkpoint pathway in cancer","23/785","89/8622",2.93022250009458e-06,1.31240951412687e-05,7.64594751692582e-06,"920/7099/5133/940/4790/3458/3845/1956/3091/7097/29126/6772/8517/5295/2475/2353/1432/6774/3716/207/54106/3265/3460",23
"hsa04622","RIG-I-like receptor signaling pathway","20/785","71/8622",3.07790762623632e-06,1.35940920158771e-05,7.9197623131227e-06,"3576/7124/3593/4790/3440/3439/3627/3452/64135/8517/3456/1432/7186/841/23586/3661/340061/3451/79132/9636",20
"hsa05146","Amoebiasis","25/785","102/8622",3.12645736372173e-06,1.36193622145686e-05,7.93448444145675e-06,"3684/7099/3553/3569/3576/3586/7124/1437/3593/4790/3458/7040/7097/1278/1281/5295/836/2335/5747/3689/929/4843/2919/911/1511",25
"hsa04210","Apoptosis","30/785","136/8622",3.52614839334364e-06,1.50148045183852e-05,8.74745314543458e-06,"355/7124/7132/4790/3845/1514/5551/8517/5295/142/2353/4000/3002/7186/841/836/4803/207/1965/472/7157/9131/8743/5366/597/1649/3265/578/331/840",30
"hsa05202","Transcriptional misregulation in cancer","38/785","193/8622",3.54122748075121e-06,1.50148045183852e-05,8.74745314543458e-06,"3684/3569/3576/1437/7113/4790/2209/3479/4318/5468/2308/3002/4353/4314/1991/440093/861/2321/942/5328/5747/2521/472/7157/4193/1026/929/3087/4094/597/3560/1649/5079/578/1436/5327/604/3695",38
"hsa05132","Salmonella infection","45/785","249/8622",5.16406188849316e-06,2.16075221123793e-05,1.25882949082382e-05,"7099/3553/3569/3576/7124/114548/29108/7132/4790/1499/7097/10810/8517/5289/2353/3606/5286/7295/834/1432/6281/7186/387/5788/841/836/7100/10333/10392/207/4646/10382/837/929/54106/8743/5609/3265/578/11035/3831/302/51135/840/79792",45
"hsa04932","Non-alcoholic fatty liver disease","32/785","155/8622",7.45992877430636e-06,3.08085370159665e-05,1.79487008103612e-05,"3630/355/3553/3569/3576/7124/3952/7132/1346/4790/7040/9370/5295/5564/2353/5468/3552/1432/7186/841/9021/836/4513/207/1965/3570/1351/1649/83737/5465/840/4709",32
"hsa05310","Asthma","12/785","31/8622",8.25392389670067e-06,3.36506128096258e-05,1.96044616169948e-05,"3586/7124/3565/6356/3596/3567/959/3122/3123/3117/3112/3119",12
"hsa04614","Renin-angiotensin system","10/785","23/8622",1.40764826870255e-05,5.66622973984064e-05,3.30108055018852e-05,"59272/183/5972/1636/4311/185/186/2028/116512/1511",10
"hsa04612","Antigen processing and presentation","20/785","78/8622",1.46348761073584e-05,5.81736325267496e-05,3.38912920380931e-05,"920/7124/925/3458/1514/972/3122/3107/3821/3822/3105/3123/3117/3106/3309/926/567/3811/3112/3119",20
"hsa05218","Melanoma","19/785","72/8622",1.53028684576276e-05,6.00779280188341e-05,3.50007127815783e-05,"3845/1956/3479/5295/3082/26291/1029/2247/207/2249/7157/4193/5156/1026/673/3265/578/5159/5925",19
"hsa01522","Endocrine resistance","23/785","98/8622",1.66171850057793e-05,6.44422540468028e-05,3.75433191401433e-05,"3845/1956/3479/4313/4318/5295/2475/2353/1029/1432/5747/6714/207/4851/4855/7157/4193/1026/673/6464/3265/2064/5925",23
"hsa05221","Acute myeloid leukemia","18/785","67/8622",1.95798957920788e-05,7.50169501431451e-05,4.37040159721733e-05,"3684/1437/4790/3815/3845/2209/8517/5295/2475/4353/861/6774/207/929/597/673/3265/1436",18
"hsa05210","Colorectal cancer","21/785","86/8622",2.02447286788651e-05,7.66407585699893e-05,4.4650028163913e-05,"3845/1499/7040/1956/5295/2475/2353/4089/2069/387/836/207/7157/374/7039/1026/5366/673/4088/3265/578",21
"hsa04660","T cell receptor signaling pathway","26/785","121/8622",2.54969822212838e-05,9.53887099572737e-05,5.55723699188354e-05,"920/3558/3586/7124/1437/925/5133/940/4790/3458/1493/3845/3565/8517/5295/2353/3567/959/1432/387/5788/207/3937/926/5609/3265",26
"hsa04917","Prolactin signaling pathway","18/785","70/8622",3.73292211113845e-05,0.000138031305970003,8.04154579633252e-05,"3630/5617/7054/4790/3845/6772/5295/2353/8600/1432/9021/6774/6714/207/3659/6464/3265/8651",18
"hsa04218","Cellular senescence","30/785","156/8622",5.92141014955727e-05,0.000216437750294162,0.000126094154424934,"3569/3576/4790/3845/7040/8878/5295/2475/23411/2308/3552/1029/7416/1432/5054/3107/3105/983/207/472/7157/4193/3106/1026/1030/90550/4088/3265/4683/5925",30
"hsa04510","Focal adhesion","36/785","203/8622",6.80633179457619e-05,0.000245956080758549,0.000143291195675288,"7422/1499/7448/1956/7450/1278/3479/5295/3082/5649/3791/1293/387/2321/2335/3688/5747/6714/5829/207/3673/2324/2277/7058/9564/5156/857/2889/673/6696/6464/3265/2064/3695/331/5159",36
"hsa05203","Viral carcinogenesis","36/785","204/8622",7.56331080225835e-05,0.000270239644395298,0.00015743852172649,"4790/3845/2033/718/8517/5295/1029/7186/387/841/836/3107/1234/6774/3105/3716/983/6714/5829/3661/7157/4193/1233/3106/1026/6850/1232/10971/5366/1030/9734/991/3265/578/7874/5925",36
"hsa04810","Regulation of actin cytoskeleton","39/785","229/8622",8.61033096233865e-05,0.000304231694002632,0.000177241900511299,"3630/3684/1131/3845/1956/1072/5295/7852/26291/2147/387/2247/79784/2335/3688/5747/6714/5829/207/3689/3673/6387/2249/9564/5156/4342/8936/3645/3683/6548/673/4478/3265/3687/3695/5159/3827/1129/727",39
"hsa05214","Glioma","18/785","75/8622",9.95287740355774e-05,0.000347803847728721,0.000202626538233217,"3845/1956/3479/5295/2475/1029/207/7157/4193/5156/7039/1026/673/6464/3265/578/5159/5925",18
"hsa05220","Chronic myeloid leukemia","18/785","76/8622",0.000119544648286014,0.000413208675597308,0.000240730641857419,"4790/3845/7040/8517/5295/4089/1029/861/207/7157/4193/1026/673/6464/4088/3265/578/5925",18
"hsa05224","Breast cancer","28/785","147/8622",0.000123005787039761,0.000420600433103699,0.000245036995121652,"3815/3845/1499/1956/3479/5295/7473/80326/2475/2353/26291/8600/2247/207/4851/2249/4855/2324/7157/1026/5241/23462/673/6464/3265/578/2064/5925",28
"hsa05022","Pathways of neurodegeneration - multiple diseases","67/785","476/8622",0.000171736708992125,0.000580981632547827,0.00033847324504607,"355/351/4137/3553/3569/7124/6531/4747/7132/6622/1435/1346/4790/1131/3845/1499/627/5684/8878/847/5289/7473/80326/2475/539/1770/2890/3552/65018/9927/2878/2876/23435/7416/1432/7186/9973/841/836/4513/6647/1965/2521/177/7345/5743/10382/3309/342371/5621/4843/1351/2902/90550/673/5609/6262/1649/3265/578/3831/1536/840/7317/5861/3028/4709",67
"hsa05322","Systemic lupus erythematosus","26/785","137/8622",0.000225878077137615,0.000756097142418542,0.000440493535470584,"3586/7124/940/3458/2209/718/712/715/2214/941/6737/959/3122/1991/440093/721/3123/942/3117/6741/6738/3112/2212/3119/727/1511",26
"hsa01524","Platinum drug resistance","17/785","73/8622",0.000228311839971172,0.000756282969904507,0.000440601796435595,"355/5295/1029/841/836/207/472/7157/4193/1026/2950/9446/2944/5366/578/2064/331",17
"hsa04080","Neuroactive ligand-receptor interaction","54/785","367/8622",0.000243154835524713,0.000797146780379988,0.000464408584398801,"5617/3952/183/2796/153/1131/1392/718/706/2688/2890/154/2913/150/6863/3274/5741/3375/7253/2147/6915/1906/2641/2695/134864/728/796/170589/155/885/5443/185/551/4988/3351/5739/7432/186/2150/5020/10911/3814/84634/5367/2902/114131/5027/1443/3827/1129/5028/5029/727/1511",54
"hsa04920","Adipocytokine signaling pathway","16/785","69/8622",0.000364744888334264,0.00117160479283127,0.000682563533724938,"7124/3952/7132/4790/9370/8517/2475/5564/7186/9021/6774/207/5443/5465/2180/6513",16
"hsa05211","Renal cell carcinoma","16/785","69/8622",0.000364744888334264,0.00117160479283127,0.000682563533724938,"7422/3845/2033/7040/3091/5295/3082/207/7039/1026/8453/2889/673/3265/6513/7428",16
"hsa05120","Epithelial cell signaling in Helicobacter pylori infection","16/785","70/8622",0.000433704645597041,0.00136552551782039,0.000795539527098273,"3576/4790/1956/6868/8517/1432/6352/50848/836/3579/10392/6714/7082/102/2919/23545",16
"hsa05230","Central carbon metabolism in cancer","16/785","70/8622",0.000433704645597041,0.00136552551782039,0.000795539527098273,"3815/3845/5979/1956/3091/2539/23410/5295/2475/207/7157/5156/3265/2064/5159/6513",16
"hsa04926","Relaxin signaling pathway","24/785","129/8622",0.00052663025384657,0.00164184726199225,0.000956521410495319,"7422/4790/409/3845/7040/1956/1278/1281/4313/4318/5295/2353/4312/1432/1906/6714/207/4322/2277/2770/4843/5609/6464/3265",24
"hsa05223","Non-small cell lung cancer","16/785","72/8622",0.000605742232715704,0.00187015563110285,0.0010895312514866,"3845/5979/1956/5295/3082/1029/6774/207/7157/7039/1026/673/3265/578/2064/5925",16
"hsa04014","Ras signaling pathway","37/785","236/8622",0.000693262681164381,0.00211978396740647,0.00123496186118351,"3630/7422/1435/4254/4790/3815/3845/4763/627/1956/285/3479/8517/5295/3082/284/3791/26291/387/4803/7010/2321/2247/207/2249/2324/2277/51378/5156/7039/2902/6464/5320/3265/1436/8399/5159",37
"hsa04664","Fc epsilon RI signaling pathway","15/785","68/8622",0.000964215835236225,0.00292019652957257,0.00170127305264737,"7124/1437/3845/3565/5295/3596/3567/1432/695/207/240/3937/6850/5609/3265",15
"hsa05410","Hypertrophic cardiomyopathy","18/785","90/8622",0.00107256319334967,0.003217689580049,0.00187458909661908,"3569/7124/183/7040/3479/5564/4000/7134/7139/1636/1906/6442/3688/3673/7137/6262/6445/3695",18
"hsa04662","B cell receptor signaling pathway","17/785","84/8622",0.00127427840692538,0.00378710778880628,0.00220632562340253,"930/4790/3845/8517/5295/29760/2353/973/1380/695/207/933/6850/55024/975/3265/2213",17
"hsa05010","Alzheimer disease","53/785","384/8622",0.00128780094505639,0.0037918583382216,0.00220909323908309,"3630/355/351/4137/3553/3569/7124/7132/6622/1435/1346/4790/348/1131/3845/1499/5684/6868/8517/5289/5295/7473/80326/2475/539/3552/7416/7186/841/836/4513/207/4311/1965/177/3416/5743/10382/23621/4843/1351/2902/90550/673/5609/102/1649/3265/3831/1536/840/3028/4709",53
"hsa05222","Small cell lung cancer","18/785","92/8622",0.00139810243871617,0.00407886766524535,0.00237630158584304,"4790/8517/5295/7186/836/2335/3688/5747/207/3673/7157/5743/1026/4843/1030/578/331/5925",18
"hsa05415","Diabetic cardiomyopathy","32/785","203/8622",0.00141935061485278,0.00410321359566531,0.00239048524606784,"3630/183/5972/1346/4790/7040/2539/2673/1278/1281/4313/4318/5295/2475/539/142/1636/7416/1432/4513/207/7137/177/653361/185/1351/6262/4088/5465/1536/6513/4709",32
"hsa04935","Growth hormone synthesis, secretion and action","21/785","120/8622",0.00253468841340544,0.00726153977894531,0.00423048990762785,"3845/2033/5449/2688/3479/6772/5295/2475/2353/3726/1432/9021/6774/5747/207/9564/2770/6464/3265/8651/1443",21
"hsa04213","Longevity regulating pathway - multiple species","13/785","61/8622",0.00285700860568677,0.0081118637197178,0.00472587889662473,"3630/3845/847/3479/5295/2475/5564/23411/2308/6648/207/6647/3265",13
"hsa04216","Ferroptosis","10/785","41/8622",0.00304602967234134,0.00857201270623492,0.00499395642600909,"2879/23657/2495/6303/1356/7018/7157/5621/2180/1536",10
"hsa04012","ErbB signaling pathway","16/785","85/8622",0.00378738063524334,0.0105088265164809,0.0061223219692176,"3845/1956/5295/2475/2069/5747/6714/207/374/7039/1026/673/5609/6464/3265/2064",16
"hsa04611","Platelet activation","21/785","124/8622",0.00380036179055127,0.0105088265164809,0.0061223219692176,"2244/7450/1278/1281/5295/2147/1432/6915/387/695/3688/6714/207/3673/3937/5739/6850/2770/2811/2212/5028",21
"hsa05226","Gastric cancer","24/785","149/8622",0.0040304066119478,0.0110488732982707,0.00643694703904549,"3845/1499/7040/1956/5295/7473/80326/3082/2475/4089/26291/2247/207/2249/7157/1026/1030/673/6464/4088/3265/578/2064/5925",24
"hsa04020","Calcium signaling pathway","36/785","253/8622",0.00448938215198507,0.0122019104643697,0.00710869328609423,"7422/153/1131/5979/1956/3082/154/7134/7852/3791/26291/3274/952/7416/6915/4803/2321/2247/155/80271/219931/2249/2324/2277/185/5156/7039/8877/4843/2902/90550/6262/5027/2064/5159/1129",36
"hsa05225","Hepatocellular carcinoma","26/785","168/8622",0.00491024174313962,0.0132321651234014,0.00770890785077344,"3845/1499/4780/7040/1956/5295/7473/80326/3082/2475/9817/4089/1029/207/7157/7039/1026/2950/9446/2944/673/6464/4088/3265/578/5925",26
"hsa05216","Thyroid cancer","9/785","37/8622",0.00495165927573828,0.0132321651234014,0.00770890785077344,"3845/5979/1499/5468/7157/1026/673/3265/578",9
"hsa04923","Regulation of lipolysis in adipocytes","12/785","58/8622",0.00526740477410022,0.0139586226513656,0.00813213368633016,"3630/153/5295/2167/154/7253/207/155/5743/2770/4878/5346",12
"hsa05207","Chemical carcinogenesis - receptor activation","31/785","212/8622",0.00539086910656128,0.01416773864369,0.00825396226841919,"7422/4790/153/409/3845/1956/196/5295/2475/2353/154/8600/2247/407021/6774/6714/207/155/2249/406884/5241/7421/9446/2944/2770/3265/604/367/5465/331/5925",31
"hsa04211","Longevity regulating pathway","16/785","89/8622",0.00603371385416813,0.0155910212667681,0.00908315042353916,"3630/4790/3845/9370/847/3479/5295/2475/5564/23411/5468/2308/6648/207/7157/3265",16
"hsa04512","ECM-receptor interaction","16/785","89/8622",0.00603371385416813,0.0155910212667681,0.00908315042353916,"7448/7450/1278/5649/1293/961/6382/2335/3688/3673/158326/960/7058/6696/2811/3695",16
"hsa04370","VEGF signaling pathway","12/785","59/8622",0.00607951772666428,0.0155910212667681,0.00908315042353916,"7422/3845/5295/3791/1432/5747/6714/5829/207/5743/8877/3265",12
"hsa04931","Insulin resistance","18/785","108/8622",0.00835043865971436,0.0212435159503133,0.0123762290872398,"3630/3569/7124/7132/183/4790/2673/5295/2475/5564/2308/9021/6774/7376/207/5465/6513/10724",18
"hsa05100","Bacterial invasion of epithelial cells","14/785","77/8622",0.00892768988245378,0.0225317887509548,0.0131267620660975,"1499/5295/387/2335/3688/5747/6714/5829/9564/857/8936/6464/1731/55964",14
"hsa05208","Chemical carcinogenesis - reactive oxygen species","31/785","223/8622",0.0111083233555779,0.0278145419454627,0.0162044335729938,"7422/1346/4790/3845/4780/1956/3091/847/196/8517/5295/3082/539/2353/9817/6648/7416/1432/4513/5747/6714/207/6647/653361/9446/2944/1351/673/5609/3265/4709",31
"hsa00380","Tryptophan metabolism","9/785","42/8622",0.0117813874189745,0.0292693843690147,0.0170520081064104,"1644/3620/847/169355/6999/26/23498/8564/501",9
"hsa04024","cAMP signaling pathway","31/785","225/8622",0.0125506903153661,0.0309389110099723,0.0180246552060746,"268/4790/153/2033/627/1392/5295/2890/2353/154/7253/1906/387/2641/2695/170589/207/5443/7137/3351/7432/64399/2770/5020/6548/2902/673/6262/5465/4878/1129",31
"hsa05213","Endometrial cancer","11/785","58/8622",0.0142531093293438,0.0348652982056255,0.0203121234167166,"3845/1499/1956/5295/207/7157/1026/673/3265/578/2064",11
"hsa04072","Phospholipase D signaling pathway","22/785","148/8622",0.0144828360403471,0.0351568080979419,0.0204819537412704,"3630/3576/183/4254/3815/3845/1956/5295/2475/2913/2147/387/3579/207/185/551/5156/6850/8877/6464/3265/5159",22
"hsa04115","p53 signaling pathway","13/785","74/8622",0.015214707970574,0.0366536146563828,0.0213539760990512,"355/3479/1029/5054/841/836/983/472/7157/4193/1026/5366/3732",13
"hsa01523","Antifolate resistance","7/785","30/8622",0.0159978618373962,0.0382505267991878,0.0222843188237572,"3553/3569/7124/4790/8836/8517/4524",7
"hsa04977","Vitamin digestion and absorption","6/785","24/8622",0.018052219292516,0.0428403413061199,0.0249582921876104,"2346/335/686/5948/6948/338",6
